value,z_score
478113556,3.0133190098183364
478693145,3.01766855504071
483093974,3.050694724880775
491200048,3.1115270309440497
499158190,3.1712491763178767
481255952,3.0369012267144577
496665899,3.152545694347351
476475803,3.0010284371253104
492832359,3.123776763964307
494658187,3.1374787518458507
