value,z_score
9491,3.0592730683120846
9573,3.0905585199390093
9919,3.2225678646087155
9426,3.0344736249492787
9513,3.06766672606565
9864,3.2015837202248028
9708,3.142065056154068
9907,3.2179895058340438
