,Employee_Count,Annual_Revenue,Years_in_Business,IT_Budget
Employee_Count,1.0,0.7652115749196945,-0.02816624086764027,0.07979682993762992
Annual_Revenue,0.7652115749196945,1.0,-0.041975503406795046,0.008706829380797785
Years_in_Business,-0.02816624086764027,-0.041975503406795046,1.0,0.024392402967129544
IT_Budget,0.07979682993762992,0.008706829380797785,0.024392402967129544,1.0
