value,z_score
1.0,-3.253579777478513
10.0,3.0905497467709133
10.0,3.0905497467709133
1.0,-3.253579777478513
10.0,3.0905497467709133
10.0,3.0905497467709133
