value,z_score
4465,3.0937338724440795
6722,5.234306768769862
4468,3.096579117764849
5624,4.19294698136813
5222,3.8116841083849824
4563,3.1866785529225585
4688,3.305230441287965
