bin_start,bin_end,count
1.0,5.9,62
5.9,10.8,34
10.8,15.700000000000001,50
15.700000000000001,20.6,49
20.6,25.5,63
25.5,30.400000000000002,47
30.400000000000002,35.300000000000004,54
35.300000000000004,40.2,53
40.2,45.1,41
45.1,50.0,47
