value,z_score
3750,3.1117976080294256
5573,5.179315889200208
3706,3.0618959051377557
4779,4.278816977927799
4385,3.8319699111251175
3845,3.219539921090986
3998,3.3930617516006563
