value,z_score
165,3.654109908825442
181,4.119786997962894
143,3.013803911261446
182,4.148891816033985
147,3.1302231835458088
172,3.8578436353230776
155,3.363061728114535
165,3.654109908825442
150,3.217537637759081
