value,z_score
259311.0,5.315158149995196
190988.0,3.276519285747712
275856.0,5.80883202276095
