,Total_Purchased,Total_Activated,Total_Contract_Value,Avg_Contract_Value,Total_Licenses,Avg_Satisfaction,Total_Support_Tickets,High_Churn_Risk_Count
Total_Purchased,1.0,0.9995974758910178,0.9742778678095187,0.0990096670106038,0.9760900154763098,-0.02926349178137387,0.940804597546848,0.8601275297886887
Total_Activated,0.9995974758910178,1.0,0.973741906508009,0.098497691676033,0.9759517023768541,-0.029673650544660198,0.9408794545471042,0.8617204738583163
Total_Contract_Value,0.9742778678095187,0.973741906508009,1.0,0.20215938226242391,0.9549072984351317,-0.028681995121972437,0.9185647401185002,0.8429861345603235
Avg_Contract_Value,0.0990096670106038,0.098497691676033,0.20215938226242391,1.0,-0.008842534912740108,-0.07737342146208419,-0.005450058349302836,-0.015075823192456686
Total_Licenses,0.9760900154763098,0.9759517023768541,0.9549072984351317,-0.008842534912740108,1.0,-0.02363963751208152,0.964393443494276,0.885070556921905
Avg_Satisfaction,-0.02926349178137387,-0.029673650544660198,-0.028681995121972437,-0.07737342146208419,-0.02363963751208152,1.0,-0.01866754173929298,-0.01685544671770767
Total_Support_Tickets,0.940804597546848,0.9408794545471042,0.9185647401185002,-0.005450058349302836,0.964393443494276,-0.01866754173929298,1.0,0.8513198329572103
High_Churn_Risk_Count,0.8601275297886887,0.8617204738583163,0.8429861345603235,-0.015075823192456686,0.885070556921905,-0.01685544671770767,0.8513198329572103,1.0
