value,z_score
29,3.191353895549867
36,4.247094787272412
29,3.191353895549867
35,4.096274659883478
30,3.342174022938802
29,3.191353895549867
28,3.0405337681609317
28,3.0405337681609317
