value,z_score
11,3.1503340711744023
12,3.528071969396753
11,3.1503340711744023
12,3.528071969396753
14,4.283547765841454
15,4.661285664063804
11,3.1503340711744023
11,3.1503340711744023
11,3.1503340711744023
12,3.528071969396753
