value,z_score
2695203,3.624011763522199
3495229,5.030943934423461
2615387,3.4836467026958573
2930515,4.037833343069761
2455644,3.2027213755486392
2534298,3.3410429338105807
2717664,3.6635118591323583
2516597,3.3099138125606173
