value,z_score
407.0,0.6837359033445428
358.0,0.07879533867626412
360.0,1.9608326509775755
