bin_start,bin_end,count
1.0,1.6,359
1.6,2.2,394
2.2,2.8,0
2.8,3.4,358
3.4,4.0,0
4.0,4.6,387
4.6,5.2,384
5.2,5.8,0
5.8,6.3999999999999995,367
6.3999999999999995,7.0,0
7.0,7.6,383
7.6,8.2,377
8.2,8.8,0
8.8,9.4,407
9.4,10.0,422
