value,z_score
419.0,0.6189247853568766
456.0,-0.6184008648275111
439.0,-1.6854523429681758
