bin_start,bin_end,count
163.0,663.7272727272727,43
663.7272727272727,1164.4545454545455,52
1164.4545454545455,1665.1818181818182,45
1665.1818181818182,2165.909090909091,35
2165.909090909091,2666.636363636364,37
2666.636363636364,3167.3636363636365,21
3167.3636363636365,3668.090909090909,19
3668.090909090909,4168.818181818182,12
4168.818181818182,4669.545454545455,5
4669.545454545455,5170.272727272728,2
5170.272727272728,5671.0,3
