bin_start,bin_end,count
13.0,110.2,30
110.2,207.4,17
207.4,304.6,30
304.6,401.8,23
401.8,499.0,20
499.0,596.2,22
596.2,693.4,35
693.4,790.6,39
790.6,887.8000000000001,30
887.8000000000001,985.0,28
