bin_start,bin_end,count
2439.67,24212.51818181818,44
24212.51818181818,45985.366363636356,36
45985.366363636356,67758.21454545454,32
67758.21454545454,89531.06272727271,34
89531.06272727271,111303.91090909089,50
111303.91090909089,133076.7590909091,41
133076.7590909091,154849.60727272727,17
154849.60727272727,176622.45545454544,10
176622.45545454544,198395.30363636362,6
198395.30363636362,220168.1518181818,3
220168.1518181818,241941.0,1
