,Unique_Customers,Total_Purchased,Total_Activated,Total_Revenue,Avg_Contract_Value,Avg_Satisfaction,High_Churn_Risk_Count
Unique_Customers,1.0,0.970420505655173,0.9699611355707931,0.6960313772875936,-0.026638811115468855,-0.0657951753852734,0.8683184880376726
Total_Purchased,0.970420505655173,1.0,0.9995114303052222,0.7051562443577093,0.036567208433148306,-0.06759508453644786,0.8404571374309199
Total_Activated,0.9699611355707931,0.9995114303052222,1.0,0.7038039987549648,0.03424133100176319,-0.06669360122924968,0.8412133062547953
Total_Revenue,0.6960313772875936,0.7051562443577093,0.7038039987549648,1.0,0.5778714259558984,-0.08941348720260325,0.6050807014545352
Avg_Contract_Value,-0.026638811115468855,0.036567208433148306,0.03424133100176319,0.5778714259558984,1.0,-0.04344897995567691,-0.02191085289204374
Avg_Satisfaction,-0.0657951753852734,-0.06759508453644786,-0.06669360122924968,-0.08941348720260325,-0.04344897995567691,1.0,-0.048034380613190326
High_Churn_Risk_Count,0.8683184880376726,0.8404571374309199,0.8412133062547953,0.6050807014545352,-0.02191085289204374,-0.048034380613190326,1.0
