bin_start,bin_end,count
1.0,4.727272727272727,31
4.727272727272727,8.454545454545453,63
8.454545454545453,12.181818181818182,37
12.181818181818182,15.909090909090908,33
15.909090909090908,19.636363636363637,39
19.636363636363637,23.363636363636363,22
23.363636363636363,27.09090909090909,25
27.09090909090909,30.818181818181817,11
30.818181818181817,34.54545454545455,7
34.54545454545455,38.27272727272727,3
38.27272727272727,42.0,3
