bin_start,bin_end,count
191.0,784.9090909090909,41
784.9090909090909,1378.8181818181818,54
1378.8181818181818,1972.7272727272725,45
1972.7272727272725,2566.6363636363635,35
2566.6363636363635,3160.5454545454545,36
3160.5454545454545,3754.454545454545,22
3754.454545454545,4348.363636363636,19
4348.363636363636,4942.272727272727,12
4942.272727272727,5536.181818181818,5
5536.181818181818,6130.090909090909,2
6130.090909090909,6724.0,3
