bin_start,bin_end,count
3.0,4.2,43
4.2,5.4,24
5.4,6.6,18
6.6,7.8,16
7.8,9.0,30
9.0,10.2,50
10.2,11.4,15
11.4,12.6,18
12.6,13.799999999999999,22
13.799999999999999,15.0,38
