,Previous_Contract_Value,New_Contract_Value,Renewal_Duration,Discount_Applied,Negotiation_Days,Cross_sell_Products
Previous_Contract_Value,1.0,0.9830301382386081,-0.0028623514673822323,0.008126803703376576,0.006423178329221993,0.0048172595313284265
New_Contract_Value,0.9830301382386081,1.0,-0.004002127663719866,0.00735659637273363,0.0046137999303641165,-0.0021021635828366663
Renewal_Duration,-0.0028623514673822323,-0.004002127663719866,1.0,0.006728509188425108,-0.01571229439080591,0.00568384550306813
Discount_Applied,0.008126803703376576,0.00735659637273363,0.006728509188425108,1.0,0.021324214890050295,-0.010229228602368613
Negotiation_Days,0.006423178329221993,0.0046137999303641165,-0.01571229439080591,0.021324214890050295,1.0,-0.004854383634159984
Cross_sell_Products,0.0048172595313284265,-0.0021021635828366663,0.00568384550306813,-0.010229228602368613,-0.004854383634159984,1.0
