bin_start,bin_end,count
230.0,275.42857142857144,2
275.42857142857144,320.8571428571429,4
320.8571428571429,366.2857142857143,10
366.2857142857143,411.7142857142857,14
411.7142857142857,457.14285714285717,11
457.14285714285717,502.57142857142856,6
502.57142857142856,548.0,3
