bin_start,bin_end,count
1990.0,1994.2857142857142,11
1994.2857142857142,1998.5714285714287,8
1998.5714285714287,2002.857142857143,4
2002.857142857143,2007.142857142857,11
2007.142857142857,2011.4285714285713,4
2011.4285714285713,2015.7142857142858,3
2015.7142857142858,2020.0,9
