bin_start,bin_end,count
5.02,5.187142857142857,2
5.187142857142857,5.354285714285714,9
5.354285714285714,5.521428571428571,11
5.521428571428571,5.688571428571429,11
5.688571428571429,5.855714285714286,9
5.855714285714286,6.022857142857143,4
6.022857142857143,6.19,4
