bin_start,bin_end,count
36363.32394366197,49609.787996158775,3
49609.787996158775,62856.25204865557,6
62856.25204865557,76102.71610115239,10
76102.71610115239,89349.18015364918,15
89349.18015364918,102595.64420614598,8
102595.64420614598,115842.10825864278,5
115842.10825864278,129088.57231113958,1
129088.57231113958,142335.03636363638,2
