,Unique_Customers,Unique_Products,Total_Revenue,Avg_Contract_Value,Avg_Satisfaction,Total_Support_Tickets
Unique_Customers,1.0,0.12414140654320939,0.3476348405335321,-0.13283405341767915,-0.1343666023522672,0.5737832096893728
Unique_Products,0.12414140654320939,1.0,0.1268703075138158,-0.09040236750968872,0.04680283366379025,0.35976653328333125
Total_Revenue,0.3476348405335321,0.1268703075138158,1.0,0.769182315027643,-0.07795944689753984,0.34066678533074174
Avg_Contract_Value,-0.13283405341767915,-0.09040236750968872,0.769182315027643,1.0,0.04647725296645608,-0.2341772270017066
Avg_Satisfaction,-0.1343666023522672,0.04680283366379025,-0.07795944689753984,0.04647725296645608,1.0,-0.22494852096661538
Total_Support_Tickets,0.5737832096893728,0.35976653328333125,0.34066678533074174,-0.2341772270017066,-0.22494852096661538,1.0
