bin_start,bin_end,count
2.0,3.888888888888889,19
3.888888888888889,5.777777777777778,17
5.777777777777778,7.666666666666666,4
7.666666666666666,9.555555555555555,2
9.555555555555555,11.444444444444445,3
11.444444444444445,13.333333333333332,2
13.333333333333332,15.222222222222221,1
15.222222222222221,17.11111111111111,1
17.11111111111111,19.0,1
