bin_start,bin_end,count
36363.32,49609.785,3
49609.785,62856.25,6
62856.25,76102.715,10
76102.715,89349.18,15
89349.18,102595.64499999999,8
102595.64499999999,115842.11000000002,5
115842.11000000002,129088.57500000001,1
129088.57500000001,142335.04,2
