bin_start,bin_end,count
2581796.0,3754303.8571428573,3
3754303.8571428573,4926811.714285715,9
4926811.714285715,6099319.571428571,10
6099319.571428571,7271827.428571428,12
7271827.428571428,8444335.285714285,11
8444335.285714285,9616843.142857142,3
9616843.142857142,10789351.0,2
