,Founded_Year,Employee_Count,Annual_Revenue,Total_Products,Total_Customers,Total_Revenue,Average_Contract_Value,Total_Licenses
Founded_Year,1.0,0.15938270644861785,0.16389982543587067,0.1356785422555738,-0.0551958962132664,0.019885127726136514,0.01331700156872519,0.010767599372000945
Employee_Count,0.15938270644861785,1.0,0.8325078169698789,0.8610810037470396,0.08046421880363909,0.08596609215484925,0.0019298346308952274,0.15605217806708968
Annual_Revenue,0.16389982543587067,0.8325078169698789,1.0,0.7838760578505546,0.07864176765136872,0.06787407681782567,0.000743220816578758,0.10520978271380489
Total_Products,0.1356785422555738,0.8610810037470396,0.7838760578505546,1.0,0.12414140654320933,0.1268703075138158,-0.0904023755542099,0.345957943439323
Total_Customers,-0.0551958962132664,0.08046421880363909,0.07864176765136872,0.12414140654320933,1.0,0.3476348405335321,-0.13283403948889944,0.7067834588089215
Total_Revenue,0.019885127726136514,0.08596609215484925,0.06787407681782567,0.1268703075138158,0.3476348405335321,1.0,0.7691823137667798,0.4357720042053088
Average_Contract_Value,0.01331700156872519,0.0019298346308952274,0.000743220816578758,-0.0904023755542099,-0.13283403948889944,0.7691823137667798,1.0,-0.21670172821939904
Total_Licenses,0.010767599372000945,0.15605217806708968,0.10520978271380489,0.345957943439323,0.7067834588089215,0.4357720042053088,-0.21670172821939904,1.0
