bin_start,bin_end,count
44.0,52.85714285714286,1
52.85714285714286,61.714285714285715,4
61.714285714285715,70.57142857142857,8
70.57142857142857,79.42857142857143,12
79.42857142857143,88.28571428571429,13
88.28571428571429,97.14285714285714,9
97.14285714285714,106.0,3
