bin_start,bin_end,count
30.0,33.285714285714285,4
33.285714285714285,36.57142857142857,6
36.57142857142857,39.85714285714286,10
39.85714285714286,43.14285714285714,12
43.14285714285714,46.42857142857143,9
46.42857142857143,49.714285714285715,4
49.714285714285715,53.0,5
